Questions,True Answer,No RAG Answer,RAG Answer
What is the purpose of the EU AI regulation act?,"The purpose of this Regulation is to improve the functioning of the internal market by laying down a uniform legal 
    framework in particular for the development, the placing on the market, the putting into service and the use of 
    artificial intelligence systems (AI systems) in the Union, in accordance with Union values, to promote the uptake of 
    human centric and trustworthy artificial intelligence (AI) while ensuring a high level of protection of health, safety, 
    fundamental  rights  as  enshrined  in  the  Charter  of  Fundamental  Rights  of  the  European  Union  (the  ‘Charter’), 
    including democracy, the rule of  law and environmental protection, to protect against the harmful effects of AI 
    systems  in  the  Union,  and  to  support  innovation.  This  Regulation  ensures  the  free  movement,  cross-border,  of 
    AI-based  goods  and  services,  thus  preventing  Member  States  from  imposing  restrictions  on  the  development, 
    marketing and use of AI systems, unless explicitly authorised by this Regulation.","What are the main challenges and opportunities of AI? How can AI be used in the healthcare sector? These questions 
    and many more will be answered during the first edition of the AI & Healthcare conference in Amsterdam. The conference 
    will be held on the 17th of October 2019 at the Amsterdam University of Applied Sciences. The conference is organized 
    by the Amsterdam University of Applied Sciences and the University of Amsterdam. The conference will bring together 
    academics, industry experts and policy makers to discuss the opportunities and challenges of AI in healthcare. The 
    conference will be opened by the Dean of the Amsterdam University of Applied Sciences, Prof. dr. ir. Joke Voogd. The 
    conference will be held in the Amsterdam University of Applied Sciences building on the Roeterseiland. The building 
    is located in the centre of Amsterdam, at the intersection of the Nieuwe Kadijk and the Prins Hendrikplantsoen. The 
    conference will be held","The EU AI regulation act's purpose is to improve the functioning of the internal market by laying down a uniform 
    legal framework in particular for the development, the placing on the market, the putting into service and the use of 
    artificial intelligence systems (AI systems) in the Union, in accordance with Union values, to promote the uptake of 
    human-centric and trustworthy artificial intelligence (AI) while ensuring a high level of protection of health, safety, 
    fundamental rights as enshrined in the Charter of Fundamental Rights of the European Union (the ‘Charter’), including 
    democracy, the rule of law and environmental protection, to protect against the harmful effects of AI systems in the 
    Union, and to support innovation. This Regulation ensures the free movement, cross-border, of AI-based goods and 
    services, thus preventing Member States from imposing restrictions on the development, marketing and use of AI 
    systems, unless explicitly authorized by this Regulation."
